Customer,Churn probability
C008283,0.62
C005035,0.61
C003399,0.61
C001652,0.61
C008676,0.61
C001909,0.61
C001526,0.61
C005916,0.61
C004952,0.61
C009349,0.61
C007360,0.61
C004022,0.61
C008013,0.61
C009701,0.61
C003858,0.61
C001851,0.61
C001035,0.61
C007724,0.61
C001615,0.61
C005068,0.61
C007125,0.61
C001021,0.61
C001300,0.61
C006919,0.61
C003070,0.61
C007160,0.61
C007011,0.6
C008988,0.6
C004751,0.6
C004986,0.6
C000480,0.6
C001834,0.6
C003988,0.6
C009053,0.6
C001842,0.6
C000429,0.6
C006287,0.6
C009358,0.6
C004926,0.6
C001588,0.6
C008586,0.6
C000516,0.6
C004535,0.6
C003727,0.6
C005262,0.6
C002681,0.6
C009373,0.6
C003509,0.6
C000328,0.6
C004420,0.6
C000196,0.6
C004062,0.6
C008431,0.6
C002911,0.6
C003113,0.6
C005166,0.6
C007602,0.6
C009308,0.6
C009160,0.6
C005760,0.6
C000891,0.6
C009935,0.6
C007183,0.6
C003652,0.6
C006288,0.6
C004221,0.6
C003783,0.6
C004668,0.6
C004551,0.6
C000439,0.6
C008364,0.6
C004611,0.6
C002819,0.6
C004913,0.6
C001579,0.6
C007809,0.6
C006420,0.6
C005336,0.6
C006838,0.6
C007078,0.6
C004269,0.6
C002427,0.6
C007175,0.6
C000497,0.6
C008672,0.6
C002786,0.6
C009315,0.6
C000418,0.6
C006071,0.6
C002440,0.6
C000147,0.6
C005946,0.6
C008287,0.6
C005603,0.6
C002261,0.6
C007727,0.6
C003458,0.6
C002378,0.6
C001020,0.6
C001256,0.6
C007871,0.59
C007489,0.59
C001543,0.59
C004894,0.59
C000272,0.59
C002002,0.59
C000787,0.59
C007925,0.59
C002080,0.59
C004593,0.59
C006125,0.59
C000975,0.59
C003830,0.59
C002982,0.59
C008182,0.59
C002051,0.59
C000750,0.59
C003538,0.59
C003514,0.59
C007068,0.59
C006157,0.59
C006164,0.59
C006036,0.59
C004645,0.59
C000884,0.59
C009535,0.59
C007135,0.59
C009592,0.59
C009681,0.59
C004983,0.59
C003928,0.59
C002556,0.59
C009793,0.59
C006000,0.59
C009111,0.59
C001358,0.59
C008782,0.59
C005280,0.59
C005114,0.59
C005257,0.59
C009483,0.59
C001022,0.59
C002340,0.59
C008860,0.59
C008951,0.59
C006854,0.59
C002269,0.59
C004258,0.59
C009129,0.59
C000574,0.59
C001996,0.59
C005493,0.59
C008989,0.59
C005690,0.59
C006915,0.59
C004211,0.59
C009538,0.59
C009623,0.59
C002559,0.59
C003997,0.59
C009500,0.59
C001026,0.59
C005725,0.59
C000889,0.59
C001493,0.59
C002602,0.59
C000847,0.59
C006303,0.59
C001106,0.59
C001850,0.59
C003079,0.59
C007610,0.59
C009933,0.59
C000993,0.59
C001886,0.59
C009835,0.59
C004120,0.59
C006010,0.59
C004261,0.59
C000699,0.59
C003919,0.59
C006660,0.59
C005929,0.59
C007204,0.59
C001928,0.59
C000604,0.59
C000390,0.59
C003486,0.59
C002480,0.59
C008985,0.59
C008444,0.59
C009606,0.59
C009872,0.59
C008824,0.59
C002630,0.59
C004492,0.59
C001633,0.59
C006884,0.59
C007320,0.59
C008180,0.59
C008376,0.59
C004277,0.59
C002399,0.59
C003094,0.59
C001266,0.59
C007755,0.59
C001470,0.59
C001342,0.59
C009301,0.59
C001839,0.59
C001532,0.59
C002317,0.59
C001294,0.59
C000369,0.59
C004461,0.59
C003517,0.59
C006047,0.59
C003791,0.59
C000724,0.59
C002126,0.59
C006174,0.59
C008273,0.59
C000898,0.59
C008423,0.59
C006302,0.59
C005142,0.59
C003850,0.59
C002129,0.59
C004537,0.59
C007736,0.59
C005392,0.59
C000726,0.59
C008857,0.59
C009964,0.59
C005134,0.59
C003464,0.59
C004111,0.59
C005885,0.59
C003045,0.59
C003087,0.59
C005416,0.59
C000365,0.59
C005055,0.59
C000410,0.59
C002369,0.59
C008747,0.59
C004752,0.59
C004964,0.59
C009511,0.59
C003872,0.59
C001343,0.59
C007950,0.59
C002788,0.59
C006377,0.59
C002492,0.59
C001805,0.59
C005844,0.59
C001107,0.58
C003242,0.58
C002370,0.58
C008215,0.58
C005957,0.58
C001288,0.58
C006517,0.58
C007297,0.58
C007219,0.58
C005846,0.58
C004499,0.58
C006136,0.58
C004240,0.58
C000250,0.58
C007236,0.58
C005570,0.58
C003029,0.58
C005940,0.58
C006973,0.58
C003210,0.58
C003351,0.58
C000784,0.58
C001594,0.58
C003194,0.58
C009594,0.58
C001642,0.58
C008390,0.58
C001739,0.58
C000256,0.58
C005370,0.58
C006465,0.58
C005637,0.58
C006308,0.58
C003168,0.58
C001769,0.58
C006107,0.58
C001960,0.58
C006908,0.58
C004156,0.58
C009502,0.58
C006430,0.58
C009009,0.58
C003288,0.58
C007741,0.58
C002082,0.58
C007608,0.58
C007064,0.58
C008558,0.58
C005893,0.58
C000970,0.58
C000989,0.58
C006329,0.58
C003134,0.58
C008611,0.58
C001466,0.58
C006415,0.58
C008836,0.58
C003882,0.58
C004388,0.58
C004827,0.58
C005036,0.58
C004655,0.58
C007918,0.58
C005653,0.58
C009604,0.58
C000830,0.58
C000307,0.58
C008324,0.58
C008427,0.58
C004673,0.58
C004015,0.58
C009424,0.58
C002975,0.58
C009272,0.58
C001607,0.58
C005623,0.58
C004632,0.58
C002469,0.58
C007239,0.58
C009042,0.58
C003805,0.58
C005764,0.58
C004978,0.58
C003359,0.58
C009476,0.58
C006137,0.58
C006523,0.58
C005103,0.58
C007214,0.58
C000100,0.58
C005947,0.58
C002712,0.58
C006370,0.58
C006917,0.58
C002596,0.58
C004377,0.58
C006938,0.58
C009775,0.58
C006413,0.58
C005995,0.58
C006601,0.58
C002594,0.58
C009541,0.58
C003212,0.58
C008947,0.58
C000486,0.58
C005745,0.58
C001820,0.58
C000808,0.58
C007036,0.58
C007999,0.58
C004061,0.58
C005792,0.58
C005117,0.58
C007807,0.58
C006702,0.58
C002657,0.58
C005945,0.58
C002588,0.58
C004780,0.58
C002045,0.58
C009199,0.58
C000791,0.58
C002116,0.58
C006604,0.58
C006780,0.58
C000023,0.58
C009195,0.58
C005560,0.58
C004016,0.58
C002021,0.58
C008552,0.58
C005726,0.58
C002111,0.58
C007277,0.58
C009698,0.58
C003973,0.58
C000281,0.58
C004218,0.58
C009478,0.58
C005260,0.58
C001979,0.58
C005027,0.58
C002472,0.58
C000670,0.58
C002364,0.58
C008615,0.58
C005049,0.58
C001114,0.58
C003670,0.58
C002244,0.58
C009970,0.58
C003353,0.58
C009591,0.58
C001806,0.58
C004667,0.58
C008976,0.58
C002299,0.58
C005500,0.58
C003100,0.58
C000443,0.58
C001176,0.58
C007884,0.58
C008192,0.58
C002431,0.58
C002430,0.58
C006358,0.58
C006640,0.58
C002856,0.58
C004399,0.58
C006121,0.58
C001095,0.58
C007282,0.58
C005888,0.58
C004049,0.58
C004886,0.58
C004476,0.58
C007027,0.58
C009274,0.58
C002215,0.58
C006614,0.58
C003792,0.58
C000271,0.58
C005496,0.58
C005098,0.58
C004176,0.58
C002204,0.58
C006030,0.58
C001104,0.58
C000749,0.58
C002541,0.58
C003628,0.58
C004316,0.58
C006526,0.58
C003433,0.58
C007745,0.57
C009146,0.57
C006686,0.57
C009691,0.57
C009224,0.57
C000532,0.57
C006931,0.57
C007603,0.57
C007441,0.57
C004348,0.57
C006678,0.57
C006558,0.57
C002576,0.57
C003527,0.57
C006023,0.57
C000189,0.57
C005297,0.57
C005438,0.57
C003103,0.57
C004189,0.57
C007944,0.57
C008978,0.57
C007699,0.57
C009156,0.57
C009126,0.57
C005367,0.57
C006738,0.57
C009754,0.57
C000748,0.57
C001763,0.57
C008099,0.57
C007859,0.57
C009917,0.57
C008940,0.57
C002016,0.57
C006661,0.57
C008756,0.57
C007886,0.57
C006889,0.57
C009296,0.57
C006668,0.57
C002923,0.57
C000273,0.57
C009686,0.57
C005385,0.57
C005972,0.57
C006022,0.57
C006575,0.57
C007459,0.57
C004234,0.57
C001351,0.57
C007578,0.57
C002327,0.57
C009663,0.57
C000707,0.57
C006234,0.57
C008648,0.57
C006615,0.57
C003772,0.57
C004100,0.57
C002628,0.57
C002577,0.57
C005541,0.57
C001993,0.57
C007357,0.57
C001044,0.57
C000087,0.57
C004748,0.57
C007153,0.57
C007569,0.57
C005158,0.57
C004368,0.57
C009979,0.57
C000303,0.57
C001386,0.57
C001019,0.57
C000352,0.57
C008302,0.57
C009718,0.57
C002038,0.57
C000007,0.57
C008608,0.57
C003454,0.57
C000393,0.57
C002914,0.57
C009497,0.57
C009562,0.57
C001900,0.57
C003687,0.57
C006621,0.57
C006101,0.57
C008941,0.57
C004185,0.57
C009695,0.57
C004387,0.57
C007939,0.57
C007681,0.57
C000744,0.57
C008991,0.57
C008140,0.57
C003690,0.57
C007099,0.57
C000415,0.57
C006416,0.57
C001407,0.57
C009788,0.57
C002418,0.57
C005305,0.57
C006637,0.57
C006913,0.57
C009414,0.57
C007062,0.57
C005884,0.57
C006540,0.57
C000846,0.57
C002412,0.57
C001974,0.57
C009097,0.57
C003011,0.57
C001456,0.57
C003945,0.57
C001682,0.57
C005688,0.57
C002491,0.57
C003040,0.57
C005474,0.57
C008820,0.57
C000032,0.57
C008064,0.57
C006841,0.57
C004226,0.57
C006439,0.57
C006863,0.57
C001946,0.57
C004631,0.57
C000339,0.57
C009256,0.57
C005314,0.57
C007456,0.57
C002544,0.57
C008629,0.57
C000386,0.57
C007414,0.57
C007536,0.57
C001261,0.57
C000526,0.57
C001862,0.57
C005251,0.57
C002979,0.57
C008021,0.57
C004104,0.57
C009105,0.57
C006993,0.57
C001308,0.57
C002968,0.57
C000977,0.57
C007687,0.57
C000695,0.57
C003424,0.57
C009794,0.57
C000753,0.57
C001908,0.57
C004442,0.57
C002680,0.57
C003060,0.57
C001911,0.57
C006847,0.57
C007308,0.57
C002751,0.57
C000919,0.57
C005287,0.57
C002253,0.57
C008079,0.57
C007922,0.57
C004624,0.57
C009633,0.57
C009945,0.57
C007484,0.57
C005456,0.57
C003487,0.57
C007974,0.57
C009356,0.57
C000467,0.57
C008576,0.57
C003526,0.57
C003808,0.57
C006525,0.57
C005610,0.57
C005168,0.57
C009153,0.57
C002272,0.57
C006035,0.57
C000039,0.57
C009002,0.57
C006368,0.57
C005428,0.57
C007275,0.57
C005996,0.57
C009348,0.57
C001160,0.57
C008378,0.57
C007670,0.57
C003889,0.57
C008595,0.57
C001450,0.57
C000580,0.57
C009190,0.57
C004656,0.57
C003653,0.57
C005024,0.57
C003996,0.57
C006040,0.57
C005734,0.57
C002308,0.57
C002407,0.57
C004034,0.57
C002865,0.57
C002012,0.57
C008288,0.57
C003815,0.57
C003935,0.57
C000584,0.57
C002249,0.57
C007412,0.57
C003535,0.57
C008816,0.57
C000821,0.57
C005937,0.57
C008657,0.57
C009991,0.57
C001774,0.57
C007827,0.57
C008924,0.57
C004398,0.57
C005002,0.57
C001251,0.57
C002780,0.57
C009450,0.57
C006989,0.57
C003863,0.57
C000280,0.57
C001382,0.57
C007342,0.57
C006134,0.57
C004105,0.57
C009492,0.57
C009030,0.57
C009465,0.57
C009983,0.57
C003064,0.57
C000505,0.57
C001463,0.57
C005838,0.57
C008208,0.57
C000721,0.57
C000118,0.57
C000287,0.57
C001999,0.57
C001639,0.57
C008327,0.57
C001485,0.57
C003237,0.57
C007139,0.57
C009985,0.57
C003305,0.57
C003811,0.57
C006041,0.57
C007840,0.57
C002884,0.57
C001060,0.57
C009959,0.57
C009922,0.57
C005748,0.56
C003620,0.56
C009182,0.56
C006568,0.56
C005707,0.56
C002368,0.56
C009452,0.56
C009219,0.56
C004763,0.56
C002293,0.56
C007235,0.56
C007339,0.56
C005252,0.56
C006488,0.56
C009352,0.56
C003217,0.56
C004929,0.56
C008247,0.56
C003774,0.56
C002964,0.56
C009283,0.56
C009830,0.56
C009260,0.56
C007081,0.56
C000495,0.56
C008118,0.56
C001950,0.56
C008554,0.56
C006490,0.56
C006327,0.56
C004688,0.56
C001481,0.56
C001906,0.56
C006470,0.56
C002502,0.56
C005620,0.56
C002506,0.56
C006165,0.56
C005088,0.56
C009634,0.56
C001483,0.56
C009675,0.56
C001551,0.56
C006229,0.56
C009028,0.56
C009268,0.56
C008347,0.56
C005309,0.56
C005810,0.56
C002955,0.56
C003505,0.56
C002030,0.56
C003257,0.56
C002745,0.56
C007693,0.56
C008045,0.56
C003269,0.56
C001484,0.56
C006187,0.56
C007288,0.56
C003812,0.56
C006796,0.56
C003023,0.56
C007539,0.56
C006459,0.56
C009329,0.56
C004001,0.56
C001504,0.56
C006638,0.56
C002094,0.56
C000704,0.56
C007271,0.56
C002078,0.56
C009928,0.56
C009148,0.56
C004056,0.56
C001473,0.56
C009880,0.56
C008953,0.56
C008785,0.56
C004227,0.56
C000547,0.56
C002916,0.56
C001605,0.56
C000618,0.56
C003080,0.56
C003405,0.56
C009196,0.56
C006918,0.56
C004957,0.56
C008351,0.56
C001913,0.56
C005537,0.56
C001788,0.56
C009014,0.56
C005131,0.56
C007494,0.56
C000487,0.56
C008173,0.56
C007868,0.56
C001571,0.56
C001352,0.56
C006882,0.56
C004055,0.56
C002618,0.56
C009406,0.56
C006667,0.56
C006957,0.56
C005462,0.56
C009071,0.56
C008067,0.56
C000171,0.56
C007611,0.56
C008684,0.56
C002515,0.56
C000536,0.56
C002318,0.56
C001871,0.56
C000901,0.56
C005169,0.56
C006252,0.56
C007837,0.56
C001488,0.56
C009558,0.56
C009203,0.56
C005711,0.56
C006268,0.56
C008290,0.56
C008783,0.56
C009355,0.56
C009678,0.56
C000380,0.56
C007601,0.56
C001439,0.56
C001373,0.56
C003013,0.56
C009367,0.56
C003754,0.56
C008744,0.56
C009507,0.56
C000168,0.56
C003788,0.56
C005084,0.56
C004517,0.56
C000144,0.56
C002569,0.56
C005642,0.56
C003528,0.56
C007782,0.56
C003683,0.56
C003570,0.56
C007260,0.56
C009791,0.56
C008197,0.56
C006666,0.56
C008086,0.56
C009434,0.56
C000974,0.56
C006297,0.56
C009418,0.56
C009969,0.56
C003411,0.56
C001090,0.56
C002592,0.56
C003052,0.56
C006971,0.56
C003814,0.56
C001239,0.56
C002271,0.56
C005246,0.56
C008501,0.56
C009813,0.56
C001937,0.56
C006593,0.56
C007986,0.56
C006480,0.56
C001409,0.56
C007411,0.56
C009784,0.56
C009584,0.56
C008822,0.56
C009723,0.56
C004418,0.56
C005109,0.56
C006813,0.56
C006067,0.56
C009976,0.56
C004465,0.56
C000065,0.56
C009072,0.56
C006007,0.56
C002441,0.56
C003357,0.56
C003529,0.56
C002442,0.56
C007405,0.56
C009710,0.56
C000581,0.56
C008849,0.56
C008821,0.56
C000823,0.56
C007244,0.56
C001653,0.56
C004779,0.56
C003182,0.56
C001297,0.56
C001621,0.56
C002769,0.56
C001687,0.56
C007882,0.56
C005196,0.56
C006599,0.56
C001754,0.56
C000412,0.56
C009488,0.56
C009885,0.56
C003857,0.56
C001248,0.56
C003954,0.56
C001947,0.56
C005359,0.56
C003222,0.56
C007977,0.56
C002278,0.56
C005344,0.56
C001187,0.56
C002499,0.56
C007046,0.56
C009395,0.56
C003824,0.56
C000928,0.56
C009491,0.56
C009008,0.56
C001581,0.56
C006417,0.56
C004659,0.56
C000425,0.56
C004299,0.56
C001630,0.56
C007801,0.56
C004490,0.56
C006729,0.56
C000473,0.56
C001406,0.56
C003253,0.56
C005847,0.56
C004027,0.56
C004711,0.56
C002951,0.56
C009556,0.56
C006440,0.56
C002915,0.56
C003043,0.56
C003510,0.56
C005691,0.56
C001400,0.56
C000268,0.56
C000442,0.56
C005439,0.56
C006868,0.56
C003125,0.56
C001518,0.56
C006434,0.56
C004217,0.56
C007383,0.56
C002496,0.56
C000718,0.56
C009737,0.56
C007599,0.56
C000447,0.56
C004935,0.56
C002762,0.56
C008862,0.56
C002889,0.56
C007152,0.56
C006478,0.56
C009806,0.56
C008286,0.56
C008472,0.56
C006396,0.56
C002465,0.56
C008190,0.56
C005985,0.56
C003461,0.56
C008293,0.56
C007289,0.56
C000376,0.56
C008534,0.56
C000509,0.56
C002667,0.56
C006398,0.56
C009833,0.56
C002433,0.56
C004238,0.56
C008810,0.56
C002507,0.56
C006209,0.56
C004175,0.56
C006789,0.56
C009971,0.56
C005855,0.56
C004769,0.56
C003343,0.56
C007989,0.56
C004873,0.56
C005293,0.56
C009394,0.56
C004773,0.56
C008003,0.56
C001869,0.56
C008837,0.56
C004481,0.56
C002178,0.56
C008094,0.56
C009683,0.56
C003292,0.56
C009440,0.56
C009758,0.56
C008633,0.56
C001312,0.56
C006369,0.56
C003435,0.56
C005757,0.56
C008961,0.56
C007107,0.56
C004301,0.56
C008374,0.56
C008669,0.56
C005777,0.56
C008071,0.56
C001688,0.56
C006935,0.56
C007507,0.56
C002145,0.56
C002495,0.55
C009410,0.55
C003567,0.55
C008319,0.55
C006505,0.55
C006735,0.55
C008155,0.55
C006534,0.55
C004255,0.55
C002460,0.55
C007672,0.55
C006814,0.55
C000114,0.55
C004775,0.55
C005521,0.55
C001066,0.55
C008435,0.55
C002682,0.55
C009020,0.55
C004281,0.55
C005730,0.55
C001936,0.55
C008303,0.55
C005753,0.55
C003790,0.55
C002658,0.55
C007780,0.55
C009305,0.55
C001099,0.55
C002275,0.55
C008492,0.55
C000246,0.55
C004058,0.55
C006053,0.55
C008272,0.55
C009689,0.55
C001362,0.55
C009690,0.55
C009525,0.55
C004162,0.55
C001678,0.55
C004572,0.55
C009817,0.55
C007389,0.55
C002839,0.55
C008847,0.55
C004019,0.55
C003327,0.55
C009099,0.55
C002394,0.55
C004367,0.55
C006089,0.55
C002040,0.55
C006345,0.55
C001783,0.55
C009544,0.55
C005827,0.55
C001490,0.55
C008413,0.55
C000104,0.55
C009117,0.55
C004746,0.55
C008163,0.55
C006743,0.55
C005221,0.55
C007523,0.55
C001285,0.55
C005568,0.55
C008307,0.55
C002960,0.55
C005483,0.55
C009455,0.55
C005321,0.55
C008621,0.55
C008249,0.55
C008584,0.55
C003406,0.55
C007366,0.55
C003108,0.55
C007698,0.55
C001011,0.55
C000994,0.55
C005700,0.55
C003451,0.55
C005633,0.55
C009605,0.55
C009505,0.55
C005086,0.55
C001941,0.55
C003278,0.55
C008348,0.55
C000214,0.55
C005277,0.55
C002807,0.55
C009218,0.55
C007706,0.55
C000929,0.55
C008044,0.55
C001293,0.55
C004581,0.55
C004126,0.55
C006447,0.55
C007735,0.55
C003394,0.55
C007403,0.55
C000732,0.55
C001808,0.55
C009194,0.55
C006839,0.55
C008753,0.55
C005001,0.55
C001166,0.55
C005017,0.55
C004606,0.55
C005880,0.55
C005911,0.55
C000948,0.55
C006699,0.55
C001238,0.55
C005942,0.55
C006539,0.55
C001718,0.55
C006305,0.55
C008709,0.55
C005762,0.55
C003596,0.55
C009421,0.55
C004664,0.55
C000931,0.55
C005105,0.55
C003254,0.55
C005675,0.55
C009135,0.55
C000254,0.55
C003308,0.55
C005638,0.55
C004484,0.55
C008565,0.55
C009277,0.55
C000022,0.55
C006990,0.55
C009143,0.55
C008668,0.55
C002083,0.55
C008046,0.55
C006765,0.55
C007393,0.55
C006162,0.55
C000445,0.55
C006238,0.55
C006907,0.55
C000798,0.55
C000998,0.55
C006685,0.55
C003563,0.55
C007025,0.55
C004868,0.55
C002566,0.55
C003318,0.55
C003189,0.55
C005059,0.55
C009044,0.55
C000009,0.55
C003498,0.55
C002813,0.55
C009824,0.55
C006217,0.55
C001495,0.55
C007124,0.55
C005800,0.55
C003155,0.55
C003682,0.55
C004009,0.55
C006015,0.55
C003714,0.55
C002297,0.55
C002669,0.55
C004703,0.55
C001757,0.55
C002314,0.55
C005739,0.55
C003086,0.55
C003018,0.55
C006262,0.55
C002200,0.55
C008447,0.55
C001291,0.55
C005381,0.55
C005271,0.55
C004187,0.55
C005520,0.55
C002095,0.55
C000117,0.55
C008062,0.55
C006211,0.55
C006893,0.55
C005176,0.55
C006921,0.55
C004402,0.55
C001511,0.55
C005128,0.55
C002795,0.55
C007516,0.55
C004719,0.55
C005988,0.55
C004250,0.55
C006579,0.55
C001167,0.55
C000368,0.55
C008771,0.55
C007891,0.55
C008868,0.55
C004635,0.55
C000322,0.55
C008665,0.55
C004939,0.55
C005341,0.55
C007447,0.55
C002841,0.55
C002664,0.55
C006959,0.55
C007140,0.55
C002000,0.55
C007761,0.55
C003325,0.55
C009602,0.55
C009726,0.55
C000366,0.55
C003668,0.55
C009011,0.55
C006366,0.55
C000660,0.55
C009461,0.55
C009891,0.55
C003295,0.55
C003116,0.55
C006816,0.55
C005391,0.55
C008892,0.55
C007903,0.55
C003132,0.55
C001944,0.55
C002302,0.55
C006449,0.55
C002852,0.55
C003368,0.55
C006093,0.55
C004878,0.55
C004275,0.55
C007606,0.55
C004947,0.55
C004651,0.55
C004670,0.55
C007591,0.55
C009103,0.55
C008243,0.55
C007202,0.55
C008131,0.55
C002870,0.55
C006824,0.55
C005662,0.55
C009512,0.55
C006757,0.55
C005991,0.55
C006928,0.55
C000863,0.55
C009494,0.55
C005630,0.55
C008009,0.55
C006291,0.55
C002781,0.55
C004890,0.55
C005095,0.55
C005565,0.55
C002976,0.55
C008275,0.55
C008879,0.55
C005683,0.55
C005618,0.55
C007817,0.55
C009173,0.55
C000172,0.55
C007004,0.55
C007852,0.55
C007874,0.55
C009417,0.55
C009432,0.55
C004831,0.55
C003940,0.55
C007802,0.55
C000186,0.55
C000834,0.55
C000779,0.55
C006331,0.55
C005346,0.55
C002484,0.55
C001683,0.55
C008828,0.55
C004532,0.55
C004254,0.55
C004553,0.55
C008038,0.55
C005096,0.55
C006433,0.55
C006862,0.55
C004578,0.55
C009734,0.55
C004229,0.55
C005910,0.55
C007485,0.55
C001110,0.55
C002663,0.55
C005101,0.55
C005774,0.55
C009138,0.55
C002990,0.55
C001279,0.55
C009745,0.55
C003735,0.55
C000729,0.55
C004834,0.55
C001889,0.55
C001935,0.55
C009010,0.55
C001694,0.55
C005785,0.55
C004509,0.55
C001907,0.55
C000485,0.55
C001541,0.55
C006700,0.55
C003798,0.55
C003817,0.55
C005973,0.55
C008792,0.55
C002613,0.55
C001191,0.55
C006737,0.55
C006937,0.55
C002925,0.55
C005272,0.55
C000619,0.55
C001151,0.55
C006955,0.55
C007962,0.55
C004654,0.55
C005684,0.55
C007220,0.55
C002486,0.55
C002827,0.55
C004186,0.55
C000021,0.55
C005629,0.55
C002085,0.55
C002157,0.55
C004803,0.55
C001651,0.55
C009223,0.55
C006299,0.55
C006393,0.55
C005384,0.55
C001645,0.55
C004128,0.55
C007410,0.55
C005915,0.55
C005556,0.55
C008506,0.55
C004405,0.55
C004146,0.55
C003560,0.55
C005330,0.55
C008070,0.55
C004896,0.55
C007465,0.55
C002374,0.55
C002071,0.55
C003878,0.55
C007379,0.55
C000140,0.55
C003329,0.55
C008267,0.55
C000306,0.55
C004505,0.55
C005755,0.55
C006130,0.55
C003297,0.55
C001268,0.55
C003336,0.55
C003781,0.55
C003549,0.55
C003255,0.55
C000097,0.55
C003809,0.55
C002642,0.55
C003075,0.55
C007559,0.55
C003986,0.55
C005914,0.55
C007285,0.55
C004877,0.55
C007128,0.55
C009110,0.55
C001462,0.55
C007584,0.55
C008968,0.55
C009996,0.55
C000349,0.55
C005831,0.55
C006423,0.55
C008092,0.55
C001442,0.55
C007076,0.55
C004409,0.55
C009713,0.55
C004373,0.55
C005515,0.55
C002698,0.55
C000814,0.55
C003971,0.54
C008430,0.54
C000199,0.54
C009482,0.54
C006716,0.54
C003828,0.54
C009680,0.54
C003416,0.54
C002210,0.54
C009644,0.54
C006999,0.54
C008486,0.54
C008078,0.54
C000638,0.54
C002152,0.54
C004336,0.54
C007808,0.54
C002582,0.54
C009253,0.54
C006104,0.54
C002950,0.54
C000561,0.54
C005728,0.54
C000623,0.54
C003980,0.54
C008867,0.54
C002425,0.54
C008767,0.54
C003673,0.54
C009980,0.54
C009539,0.54
C002890,0.54
C007877,0.54
C004075,0.54
C006586,0.54
C009313,0.54
C009353,0.54
C005834,0.54
C001307,0.54
C001915,0.54
C001712,0.54
C003677,0.54
C000651,0.54
C008935,0.54
C006154,0.54
C006641,0.54
C007514,0.54
C009702,0.54
C005759,0.54
C004044,0.54
C000628,0.54
C006285,0.54
C008201,0.54
C004625,0.54
C007973,0.54
C009237,0.54
C005235,0.54
C000351,0.54
C005227,0.54
C001514,0.54
C002395,0.54
C006414,0.54
C009966,0.54
C006963,0.54
C004729,0.54
C006980,0.54
C000538,0.54
C005829,0.54
C008516,0.54
C003311,0.54
C009661,0.54
C009364,0.54
C001186,0.54
C004304,0.54
C007017,0.54
C005782,0.54
C004032,0.54
C001501,0.54
C006531,0.54
C008980,0.54
C006582,0.54
C006194,0.54
C001059,0.54
C004541,0.54
C006495,0.54
C005162,0.54
C004478,0.54
C009750,0.54
C008311,0.54
C009567,0.54
C003695,0.54
C003008,0.54
C004028,0.54
C006733,0.54
C008900,0.54
C004415,0.54
C006273,0.54
C002123,0.54
C000556,0.54
C009982,0.54
C002007,0.54
C006300,0.54
C006313,0.54
C002360,0.54
C004270,0.54
C006513,0.54
C000567,0.54
C003220,0.54
C007896,0.54
C009528,0.54
C004116,0.54
C008235,0.54
C009207,0.54
C008794,0.54
C008107,0.54
C000831,0.54
C003837,0.54
C001738,0.54
C001399,0.54
C004920,0.54
C007731,0.54
C006520,0.54
C007071,0.54
C000844,0.54
C000627,0.54
C003307,0.54
C009554,0.54
C001240,0.54
C009987,0.54
C007527,0.54
C008775,0.54
C008911,0.54
C001123,0.54
C002214,0.54
C009504,0.54
C006115,0.54
C007504,0.54
C003617,0.54
C006560,0.54
C004023,0.54
C001916,0.54
C001165,0.54
C000426,0.54
C005464,0.54
C005486,0.54
C004459,0.54
C007224,0.54
C001286,0.54
C001444,0.54
C005601,0.54
C001949,0.54
C006004,0.54
C006203,0.54
C004564,0.54
C002940,0.54
C006906,0.54
C009852,0.54
C001257,0.54
C006043,0.54
C004263,0.54
C000908,0.54
C007851,0.54
C003555,0.54
C001328,0.54
C004531,0.54
C005527,0.54
C001897,0.54
C002443,0.54
C001635,0.54
C004708,0.54
C009844,0.54
C002787,0.54
C004391,0.54
C008918,0.54
C005799,0.54
C002735,0.54
C002336,0.54
C006330,0.54
C009158,0.54
C000116,0.54
C003391,0.54
C007866,0.54
C005507,0.54
C006436,0.54
C009397,0.54
C008353,0.54
C002259,0.54
C007932,0.54
C008152,0.54
C007364,0.54
C009627,0.54
C004844,0.54
C002765,0.54
C000678,0.54
C001580,0.54
C007800,0.54
C004384,0.54
C004172,0.54
C007482,0.54
C005933,0.54
C002789,0.54
C007573,0.54
C001952,0.54
C003558,0.54
C009231,0.54
C009036,0.54
C007646,0.54
C008304,0.54
C003604,0.54
C005678,0.54
C005964,0.54
C004900,0.54
C006183,0.54
C009755,0.54
C004331,0.54
C006172,0.54
C007296,0.54
C004529,0.54
C002167,0.54
C008493,0.54
C008593,0.54
C001177,0.54
C008741,0.54
C001171,0.54
C002263,0.54
C009493,0.54
C004343,0.54
C002825,0.54
C005744,0.54
C002802,0.54
C008746,0.54
C003204,0.54
C001891,0.54
C000770,0.54
C009826,0.54
C001200,0.54
C003489,0.54
C008583,0.54
C002853,0.54
C005338,0.54
C009032,0.54
C003485,0.54
C001043,0.54
C004324,0.54
C001538,0.54
C004570,0.54
C003356,0.54
C002510,0.54
C005250,0.54
C006463,0.54
C005030,0.54
C000129,0.54
C001730,0.54
C001008,0.54
C003787,0.54
C006991,0.54
C002416,0.54
C003827,0.54
C006384,0.54
C003871,0.54
C004612,0.54
C007085,0.54
C004314,0.54
C000332,0.54
C003913,0.54
C000762,0.54
C002947,0.54
C008380,0.54
C002977,0.54
C008392,0.54
C001053,0.54
C001341,0.54
C009822,0.54
C001702,0.54
C002686,0.54
C008417,0.54
C009951,0.54
C009910,0.54
C003176,0.54
C006628,0.54
C007711,0.54
C001010,0.54
C002892,0.54
C005303,0.54
C003982,0.54
C007862,0.54
C005342,0.54
C006120,0.54
C001807,0.54
C000399,0.54
C001921,0.54
C003948,0.54
C005729,0.54
C005076,0.54
C001029,0.54
C000944,0.54
C006572,0.54
C005061,0.54
C007654,0.54
C005202,0.54
C009972,0.54
C002700,0.54
C004603,0.54
C005821,0.54
C009284,0.54
C000455,0.54
C003413,0.54
C007624,0.54
C009563,0.54
C009906,0.54
C005941,0.54
C001434,0.54
C006232,0.54
C005360,0.54
C006630,0.54
C007661,0.54
C009787,0.54
C007295,0.54
C007636,0.54
C005876,0.54
C001982,0.54
C005480,0.54
C005072,0.54
C002561,0.54
C002767,0.54
C006219,0.54
C004796,0.54
C009654,0.54
C005547,0.54
C000130,0.54
C003061,0.54
C006046,0.54
C006877,0.54
C008844,0.54
C005769,0.54
C009621,0.54
C000542,0.54
C008217,0.54
C000357,0.54
C000782,0.54
C007221,0.54
C005968,0.54
C006193,0.54
C007205,0.54
C008352,0.54
C008090,0.54
C003761,0.54
C003960,0.54
C004092,0.54
C001817,0.54
C004917,0.54
C005387,0.54
C002679,0.54
C007704,0.54
C004940,0.54
C000883,0.54
C008959,0.54
C000231,0.54
C005609,0.54
C002265,0.54
C005551,0.54
C005990,0.54
C009640,0.54
C006647,0.54
C002650,0.54
C008291,0.54
C006785,0.54
C000597,0.54
C004726,0.54
C003917,0.54
C002343,0.54
C004453,0.54
C008751,0.54
C009177,0.54
C000795,0.54
C002753,0.54
C003547,0.54
C004017,0.54
C001618,0.54
C005806,0.54
C001963,0.54
C004358,0.54
C003197,0.54
C004542,0.54
C003711,0.54
C003171,0.54
C006016,0.54
C003888,0.54
C008662,0.54
C008012,0.54
C005817,0.54
C009542,0.54
C000674,0.54
C000372,0.54
C001323,0.54
C004371,0.54
C007850,0.54
C009285,0.54
C007954,0.54
C003417,0.54
C001840,0.54
C005608,0.54
C002622,0.54
C000544,0.54
C005432,0.54
C000663,0.54
C005664,0.54
C001018,0.54
C003291,0.54
C001699,0.54
C001468,0.54
C002464,0.54
C006707,0.54
C005033,0.54
C001793,0.54
C009782,0.54
C002223,0.54
C004905,0.54
C000950,0.54
C005928,0.54
C008701,0.54
C009851,0.54
C007632,0.54
C002538,0.54
C007415,0.54
C001767,0.54
C001075,0.54
C007185,0.54
C008956,0.54
C004119,0.54
C000570,0.54
C002850,0.54
C002505,0.54
C003266,0.54
C005060,0.54
C009189,0.54
C005353,0.54
C003504,0.54
C002373,0.54
C004985,0.54
C008063,0.54
C002276,0.54
C003235,0.54
C000717,0.54
C003403,0.54
C000698,0.54
C000701,0.54
C008312,0.54
C003054,0.54
C001666,0.54
C001365,0.54
C007555,0.54
C006570,0.54
C007517,0.54
C005299,0.54
C003969,0.54
C008870,0.54
C003499,0.54
C007964,0.54
C004118,0.54
C007148,0.54
C002861,0.54
C002041,0.54
C007935,0.54
C006612,0.54
C001882,0.54
C007333,0.54
C000269,0.54
C000353,0.54
C005639,0.54
C005255,0.54
C007369,0.54
C008238,0.54
C001582,0.54
C005466,0.54
C008765,0.54
C003725,0.54
C008766,0.54
C001553,0.54
C008930,0.54
C007043,0.54
C005746,0.54
C008726,0.54
C000940,0.54
C001885,0.54
C004138,0.54
C005969,0.54
C001529,0.54
C009291,0.54
C000283,0.54
C007738,0.54
C003639,0.54
C008338,0.54
C002798,0.54
C003273,0.54
C002108,0.54
C007200,0.54
C009581,0.54
C002992,0.54
C009809,0.54
C001590,0.54
C000689,0.54
C000899,0.54
C009547,0.53
C003274,0.53
C001821,0.53
C006469,0.53
C004179,0.53
C000262,0.53
C002639,0.53
C004460,0.53
C005104,0.53
C004527,0.53
C003742,0.53
C006723,0.53
C008514,0.53
C002158,0.53
C007865,0.53
C004109,0.53
C000811,0.53
C007818,0.53
C005220,0.53
C003893,0.53
C001664,0.53
C009208,0.53
C004790,0.53
C006261,0.53
C008856,0.53
C002303,0.53
C002905,0.53
C002527,0.53
C000085,0.53
C008704,0.53
C006719,0.53
C004638,0.53
C009267,0.53
C008887,0.53
C000055,0.53
C000543,0.53
C000653,0.53
C002511,0.53
C009104,0.53
C005587,0.53
C006720,0.53
C002552,0.53
C006381,0.53
C002593,0.53
C004833,0.53
C000464,0.53
C000314,0.53
C002066,0.53
C000585,0.53
C002022,0.53
C008915,0.53
C003059,0.53
C008659,0.53
C007659,0.53
C003006,0.53
C008834,0.53
C003337,0.53
C000626,0.53
C000338,0.53
C007597,0.53
C007630,0.53
C000923,0.53
C004188,0.53
C004714,0.53
C009524,0.53
C008954,0.53
C002743,0.53
C005859,0.53
C002560,0.53
C004755,0.53
C002247,0.53
C000294,0.53
C005870,0.53
C001244,0.53
C003874,0.53
C001477,0.53
C002921,0.53
C007203,0.53
C003427,0.53
C005918,0.53
C003191,0.53
C008598,0.53
C008456,0.53
C009131,0.53
C007435,0.53
C007911,0.53
C000738,0.53
C000983,0.53
C009603,0.53
C006625,0.53
C006553,0.53
C008480,0.53
C002171,0.53
C005604,0.53
C000327,0.53
C001592,0.53
C005411,0.53
C004949,0.53
C007416,0.53
C001970,0.53
C000778,0.53
C003622,0.53
C001729,0.53
C005644,0.53
C002238,0.53
C006059,0.53
C003684,0.53
C009792,0.53
C006632,0.53
C006936,0.53
C008068,0.53
C001340,0.53
C001000,0.53
C003324,0.53
C005858,0.53
C001395,0.53
C001981,0.53
C000799,0.53
C007702,0.53
C002470,0.53
C008441,0.53
C001703,0.53
C005012,0.53
C002179,0.53
C003139,0.53
C009119,0.53
C006222,0.53
C009171,0.53
C009107,0.53
C000075,0.53
C007734,0.53
C005525,0.53
C004354,0.53
C008222,0.53
C003110,0.53
C006450,0.53
C000858,0.53
C008117,0.53
C003597,0.53
C001709,0.53
C007056,0.53
C002103,0.53
C009942,0.53
C003450,0.53
C009466,0.53
C002860,0.53
C000435,0.53
C003213,0.53
C004707,0.53
C007967,0.53
C005315,0.53
C003492,0.53
C008663,0.53
C005273,0.53
C009404,0.53
C003365,0.53
C008626,0.53
C009202,0.53
C005634,0.53
C006230,0.53
C009052,0.53
C003345,0.53
C009073,0.53
C005853,0.53
C008906,0.53
C003825,0.53
C007744,0.53
C001789,0.53
C001296,0.53
C005377,0.53
C009037,0.53
C005530,0.53
C007728,0.53
C008932,0.53
C004626,0.53
C005528,0.53
C003000,0.53
C008734,0.53
C004955,0.53
C006395,0.53
C004164,0.53
C005152,0.53
C001116,0.53
C009226,0.53
C003903,0.53
C006574,0.53
C007223,0.53
C000927,0.53
C006082,0.53
C006087,0.53
C009779,0.53
C003676,0.53
C000708,0.53
C009132,0.53
C004744,0.53
C004410,0.53
C001595,0.53
C004730,0.53
C005015,0.53
C001453,0.53
C009952,0.53
C001778,0.53
C000796,0.53
C002207,0.53
C009839,0.53
C000705,0.53
C004489,0.53
C006350,0.53
C008547,0.53
C001383,0.53
C006195,0.53
C007902,0.53
C001662,0.53
C006397,0.53
C009262,0.53
C004003,0.53
C009543,0.53
C003153,0.53
C005559,0.53
C002660,0.53
C002357,0.53
C004672,0.53
C009391,0.53
C005316,0.53
C006158,0.53
C009085,0.53
C007751,0.53
C007155,0.53
C004768,0.53
C004821,0.53
C008299,0.53
C004783,0.53
C005018,0.53
C005875,0.53
C004485,0.53
C005621,0.53
C005850,0.53
C006636,0.53
C005765,0.53
C008270,0.53
C004064,0.53
C009506,0.53
C001290,0.53
C001838,0.53
C005313,0.53
C000736,0.53
C002070,0.53
C006555,0.53
C001758,0.53
C000593,0.53
C009618,0.53
C003744,0.53
C000777,0.53
C007037,0.53
C006670,0.53
C008129,0.53
C003322,0.53
C005178,0.53
C000510,0.53
C003880,0.53
C007042,0.53
C007965,0.53
C008896,0.53
C000058,0.53
C005237,0.53
C001867,0.53
C002324,0.53
C003317,0.53
C009990,0.53
C006304,0.53
C005553,0.53
C008278,0.53
C007344,0.53
C003591,0.53
C002462,0.53
C008017,0.53
C003328,0.53
C000162,0.53
C009684,0.53
C008559,0.53
C003810,0.53
C000142,0.53
C002891,0.53
C005231,0.53
C007105,0.53
C006455,0.53
C004766,0.53
C004596,0.53
C003104,0.53
C000194,0.53
C001374,0.53
C000276,0.53
C005232,0.53
C006341,0.53
C004219,0.53
C006244,0.53
C006418,0.53
C002815,0.53
C001503,0.53
C002146,0.53
C000437,0.53
C002483,0.53
C007563,0.53
C000789,0.53
C009901,0.53
C007753,0.53
C004401,0.53
C007327,0.53
C005921,0.53
C005796,0.53
C005425,0.53
C003434,0.53
C002156,0.53
C002917,0.53
C004630,0.53
C004758,0.53
C003832,0.53
C001872,0.53
C004025,0.53
C006711,0.53
C008687,0.53
C000535,0.53
C009894,0.53
C007461,0.53
C003796,0.53
C003465,0.53
C009068,0.53
C004648,0.53
C008925,0.53
C001796,0.53
C005354,0.53
C007008,0.53
C004494,0.53
C007769,0.53
C008508,0.53
C001014,0.53
C006005,0.53
C003084,0.53
C007184,0.53
C007247,0.53
C002607,0.53
C006501,0.53
C009762,0.53
C006091,0.53
C004106,0.53
C006923,0.53
C003049,0.53
C007106,0.53
C001474,0.53
C001458,0.53
C004274,0.53
C009646,0.53
C005318,0.53
C006782,0.53
C000323,0.53
C007788,0.53
C009609,0.53
C000917,0.53
C006911,0.53
C005932,0.53
C003378,0.53
C000857,0.53
C006323,0.53
C008490,0.53
C009205,0.53
C009136,0.53
C009577,0.53
C009125,0.53
C007378,0.53
C000839,0.53
C003618,0.53
C005137,0.53
C005505,0.53
C007168,0.53
C006864,0.53
C009371,0.53
C006528,0.53
C004683,0.53
C006332,0.53
C004586,0.53
C001546,0.53
C001841,0.53
C003477,0.53
C008495,0.53
C008000,0.53
C010000,0.53
C001353,0.53
C008436,0.53
C005562,0.53
C002258,0.53
C006696,0.53
C000672,0.53
C005457,0.53
C000803,0.53
C008040,0.53
C009743,0.53
C009825,0.53
C006797,0.53
C000541,0.53
C005534,0.53
C005992,0.53
C001050,0.53
C003166,0.53
C007312,0.53
C008149,0.53
C003131,0.53
C001359,0.53
C002241,0.53
C001517,0.53
C005786,0.53
C006544,0.53
C006282,0.53
C004026,0.53
C007585,0.53
C002124,0.53
C007593,0.53
C005216,0.53
C006672,0.53
C000802,0.53
C002396,0.53
C001249,0.53
C007955,0.53
C001071,0.53
C007589,0.53
C002595,0.53
C009749,0.53
C001255,0.53
C006750,0.53
C009320,0.53
C006295,0.53
C002866,0.53
C008355,0.53
C005956,0.53
C003927,0.53
C007413,0.53
C003363,0.53
C005613,0.53
C006922,0.53
C002703,0.53
C004910,0.53
C004888,0.53
C009641,0.53
C002774,0.53
C002804,0.53
C000343,0.53
C004533,0.53
C006674,0.53
C001137,0.53
C005549,0.53
C006740,0.53
C000453,0.53
C006401,0.53
C005350,0.53
C006736,0.53
C008305,0.53
C001147,0.53
C003284,0.53
C008156,0.53
C009735,0.53
C000845,0.53
C007330,0.53
C008458,0.53
C001576,0.53
C004725,0.53
C006003,0.53
C006139,0.53
C002909,0.53
C008742,0.53
C009266,0.53
C002812,0.53
C000444,0.53
C007090,0.53
C005770,0.53
C007354,0.53
C009651,0.53
C003679,0.53
C003233,0.53
C006250,0.53
C004060,0.53
C004927,0.53
C007018,0.53
C003017,0.53
C000533,0.53
C001076,0.53
C000612,0.53
C001655,0.53
C002285,0.53
C004246,0.53
C004425,0.53
C004471,0.53
C005955,0.53
C005581,0.53
C003747,0.53
C009818,0.53
C001853,0.53
C003844,0.53
C008881,0.53
C009857,0.53
C001693,0.53
C007740,0.53
C003745,0.53
C007525,0.53
C008630,0.53
C001583,0.53
C006587,0.53
C007713,0.53
C004822,0.53
C009070,0.53
C007934,0.53
C000120,0.53
C006704,0.53
C002854,0.53
C007294,0.53
C005226,0.53
C002851,0.53
C007283,0.53
C002411,0.53
C005676,0.53
C001876,0.53
C003702,0.53
C008708,0.53
C003430,0.53
C008028,0.53
C007771,0.53
C006338,0.53
C002415,0.53
C000074,0.53
C003065,0.53
C001922,0.53
C004370,0.53
C001332,0.53
C000713,0.53
C003531,0.53
C004968,0.53
C002644,0.53
C002551,0.53
C002243,0.53
C005340,0.53
C001794,0.53
C000614,0.53
C004585,0.53
C004838,0.53
C008632,0.53
C004786,0.53
C002508,0.53
C008049,0.53
C000331,0.53
C008406,0.53
C003409,0.53
C007652,0.53
C005490,0.53
C009462,0.53
C008136,0.53
C008036,0.53
C008790,0.53
C002217,0.53
C007256,0.53
C003377,0.53
C000679,0.53
C009463,0.53
C008300,0.53
C004870,0.53
C008736,0.53
C001152,0.53
C002225,0.53
C005592,0.53
C009093,0.53
C000235,0.53
C005555,0.53
C006466,0.53
C003123,0.53
C003513,0.53
C007434,0.53
C003196,0.53
C001149,0.53
C003179,0.53
C000295,0.53
C008842,0.53
C009233,0.53
C004414,0.53
C006650,0.53
C004395,0.53
C002747,0.53
C004511,0.53
C000925,0.53
C000792,0.53
C000406,0.53
C003775,0.53
C008752,0.53
C005102,0.53
C004345,0.53
C003372,0.53
C002966,0.53
C008845,0.53
C008739,0.53
C007232,0.53
C003999,0.53
C006530,0.53
C006086,0.53
C008787,0.53
C000478,0.53
C001335,0.53
C001145,0.53
C008885,0.53
C008420,0.53
C001549,0.53
C004898,0.53
C007481,0.53
C001566,0.53
C004448,0.53
C009124,0.53
C005180,0.52
C003934,0.52
C006319,0.52
C003484,0.52
C003009,0.52
C003891,0.52
C005066,0.52
C003583,0.52
C001932,0.52
C004144,0.52
C008527,0.52
C003012,0.52
C009321,0.52
C009741,0.52
C006374,0.52
C009408,0.52
C001690,0.52
C003281,0.52
C003366,0.52
C005704,0.52
C003002,0.52
C008520,0.52
C004807,0.52
C007111,0.52
C005584,0.52
C004013,0.52
C009974,0.52
C007592,0.52
C008724,0.52
C008592,0.52
C009766,0.52
C007811,0.52
C008124,0.52
C003624,0.52
C008971,0.52
C006263,0.52
C006561,0.52
C007680,0.52
C009140,0.52
C002353,0.52
C004285,0.52
C004272,0.52
C001435,0.52
C004739,0.52
C008757,0.52
C005912,0.52
C007509,0.52
C006116,0.52
C006078,0.52
C002645,0.52
C001227,0.52
C006881,0.52
C007920,0.52
C005778,0.52
C004954,0.52
C007983,0.52
C009089,0.52
C007336,0.52
C001190,0.52
C002792,0.52
C001420,0.52
C005191,0.52
C002722,0.52
C007668,0.52
C004733,0.52
C003410,0.52
C009744,0.52
C009955,0.52
C000469,0.52
C008503,0.52
C000838,0.52
C005040,0.52
C009481,0.52
C001412,0.52
C005697,0.52
C003768,0.52
C008232,0.52
C004293,0.52
C004506,0.52
C007930,0.52
C007622,0.52
C003885,0.52
C005031,0.52
C006361,0.52
C009006,0.52
C009092,0.52
C008612,0.52
C005780,0.52
C004130,0.52
C003234,0.52
C008979,0.52
C000113,0.52
C009855,0.52
C008585,0.52
C006805,0.52
C002754,0.52
C005979,0.52
C008177,0.52
C009953,0.52
C002279,0.52
C002944,0.52
C009674,0.52
C004697,0.52
C007510,0.52
C005042,0.52
C008913,0.52
C008671,0.52
C000165,0.52
C007466,0.52
C007262,0.52
C004113,0.52
C008106,0.52
C007963,0.52
C004066,0.52
C008428,0.52
C007265,0.52
C007590,0.52
C007050,0.52
C007332,0.52
C003229,0.52
C003178,0.52
C003342,0.52
C007829,0.52
C006768,0.52
C003854,0.52
C005907,0.52
C002606,0.52
C004815,0.52
C002656,0.52
C006461,0.52
C001460,0.52
C005445,0.52
C000190,0.52
C005727,0.52
C004260,0.52
C005080,0.52
C004037,0.52
C009350,0.52
C005194,0.52
C007199,0.52
C007775,0.52
C006891,0.52
C002346,0.52
C008893,0.52
C007547,0.52
C007796,0.52
C008425,0.52
C001184,0.52
C004435,0.52
C002741,0.52
C006861,0.52
C000099,0.52
C004507,0.52
C004375,0.52
C000907,0.52
C002719,0.52
C005225,0.52
C002987,0.52
C005849,0.52
C004757,0.52
C000018,0.52
C009650,0.52
C003209,0.52
C004493,0.52
C004397,0.52
C005201,0.52
C004864,0.52
C000354,0.52
C009438,0.52
C006312,0.52
C007960,0.52
C007948,0.52
C009643,0.52
C006706,0.52
C009149,0.52
C001624,0.52
C008786,0.52
C005681,0.52
C002638,0.52
C003259,0.52
C004681,0.52
C001175,0.52
C001180,0.52
C009514,0.52
C003666,0.52
C007627,0.52
C009306,0.52
C002742,0.52
C009442,0.52
C008537,0.52
C005791,0.52
C000783,0.52
C003048,0.52
C003877,0.52
C005063,0.52
C004202,0.52
C005717,0.52
C005319,0.52
C006033,0.52
C000822,0.52
C003245,0.52
C004561,0.52
C004669,0.52
C005577,0.52
C008382,0.52
C003267,0.52
C006143,0.52
C006803,0.52
C005622,0.52
C002450,0.52
C000595,0.52
C000967,0.52
C002829,0.52
C003152,0.52
C002193,0.52
C005695,0.52
C004365,0.52
C003457,0.52
C003721,0.52
C005253,0.52
C006591,0.52
C004480,0.52
C002737,0.52
C007314,0.52
C005396,0.52
C001505,0.52
C001997,0.52
C009436,0.52
C005043,0.52
C007367,0.52
C005498,0.52
C008588,0.52
C003544,0.52
C006631,0.52
C002517,0.52
C002092,0.52
C007992,0.52
C007697,0.52
C004441,0.52
C007703,0.52
C004662,0.52
C008496,0.52
C009178,0.52
C004355,0.52
C008646,0.52
C008760,0.52
C009243,0.52
C008613,0.52
C003038,0.52
C006509,0.52
C008465,0.52
C008740,0.52
C008096,0.52
C001094,0.52
C005447,0.52
C006820,0.52
C005680,0.52
C004907,0.52
C006096,0.52
C007588,0.52
C006761,0.52
C002509,0.52
C006196,0.52
C002306,0.52
C000676,0.52
C005167,0.52
C003320,0.52
C005741,0.52
C007700,0.52
C008047,0.52
C003659,0.52
C003436,0.52
C000739,0.52
C000911,0.52
C003387,0.52
C009163,0.52
C007241,0.52
C000127,0.52
C007243,0.52
C005284,0.52
C002967,0.52
C000624,0.52
C009332,0.52
C004629,0.52
C008221,0.52
C003848,0.52
C001719,0.52
C001397,0.52
C006372,0.52
C009368,0.52
C000096,0.52
C005029,0.52
C006347,0.52
C006731,0.52
C007213,0.52
C000658,0.52
C000896,0.52
C000906,0.52
C006567,0.52
C001802,0.52
C000050,0.52
C009926,0.52
C002835,0.52
C002711,0.52
C008292,0.52
C002600,0.52
C003192,0.52
C004351,0.52
C004434,0.52
C002671,0.52
C001890,0.52
C005151,0.52
C009043,0.52
C009601,0.52
C001327,0.52
C007201,0.52
C003136,0.52
C000850,0.52
C007855,0.52
C002151,0.52
C006001,0.52
C000939,0.52
C008934,0.52
C005685,0.52
C002662,0.52
C008369,0.52
C001396,0.52
C002337,0.52
C005805,0.52
C002504,0.52
C005542,0.52
C005361,0.52
C000318,0.52
C003819,0.52
C004488,0.52
C004228,0.52
C005205,0.52
C003271,0.52
C004930,0.52
C009200,0.52
C008125,0.52
C000807,0.52
C001492,0.52
C005429,0.52
C003616,0.52
C006103,0.52
C000801,0.52
C007423,0.52
C006951,0.52
C006138,0.52
C005146,0.52
C000374,0.52
C005742,0.52
C001320,0.52
C004283,0.52
C007616,0.52
C003979,0.52
C004941,0.52
C004103,0.52
C004721,0.52
C005672,0.52
C009517,0.52
C009250,0.52
C006352,0.52
C009939,0.52
C004447,0.52
C007087,0.52
C000879,0.52
C003429,0.52
C007054,0.52
C006306,0.52
C000786,0.52
C005878,0.52
C007493,0.52
C009740,0.52
C009703,0.52
C005625,0.52
C009781,0.52
C005708,0.52
C000681,0.52
C005077,0.52
C001469,0.52
C002139,0.52
C000771,0.52
C005862,0.52
C001954,0.52
C000871,0.52
C006741,0.52
C008251,0.52
C004589,0.52
C001786,0.52
C002003,0.52
C007997,0.52
C009513,0.52
C007479,0.52
C009816,0.52
C009596,0.52
C001253,0.52
C002585,0.52
C007921,0.52
C009100,0.52
C007984,0.52
C007382,0.52
C003053,0.52
C002518,0.52
C009080,0.52
C004607,0.52
C001146,0.52
C006644,0.52
C009405,0.52
C001918,0.52
C000251,0.52
C000603,0.52
C004859,0.52
C006512,0.52
C004396,0.52
C008109,0.52
C003195,0.52
C006279,0.52
C001753,0.52
C000743,0.52
C006859,0.52
C009831,0.52
C001157,0.52
C004224,0.52
C006710,0.52
C007191,0.52
C009326,0.52
C003952,0.52
C007150,0.52
C004338,0.52
C002696,0.52
C009874,0.52
C008624,0.52
C009802,0.52
C006178,0.52
C002006,0.52
C009217,0.52
C005423,0.52
C000942,0.52
C003551,0.52
C006751,0.52
C007317,0.52
C004200,0.52
C002194,0.52
C008198,0.52
C002479,0.52
C001673,0.52
C006073,0.52
C007824,0.52
C002255,0.52
C008323,0.52
C000301,0.52
C005324,0.52
C008966,0.52
C005699,0.52
C004984,0.52
C002775,0.52
C001822,0.52
C008614,0.52
C002296,0.52
C005701,0.52
C000121,0.52
C009225,0.52
C008157,0.52
C006825,0.52
C006499,0.52
C002059,0.52
C008209,0.52
C009913,0.52
C004287,0.52
C006722,0.52
C008813,0.52
C001736,0.52
C008730,0.52
C004566,0.52
C009318,0.52
C008952,0.52
C007406,0.52
C004053,0.52
C003920,0.52
C002616,0.52
C003822,0.52
C004710,0.52
C008889,0.52
C002705,0.52
C001313,0.52
C005666,0.52
C004068,0.52
C002834,0.52
C002195,0.52
C007966,0.52
C006487,0.52
C004052,0.52
C008080,0.52
C002250,0.52
C000213,0.52
C006241,0.52
C000233,0.52
C009369,0.52
C009159,0.52
C000578,0.52
C006783,0.52
C008774,0.52
C009029,0.52
C007620,0.52
C009693,0.52
C008285,0.52
C007448,0.52
C008127,0.52
C001772,0.52
C001733,0.52
C009319,0.52
C007013,0.52
C004956,0.52
C002687,0.52
C002718,0.52
C004883,0.52
C004160,0.52
C007931,0.52
C007245,0.52
C001762,0.52
C009069,0.52
C003362,0.52
C002118,0.52
C003984,0.52
C006658,0.52
C005150,0.52
C008134,0.52
C006690,0.52
C003502,0.52
C008946,0.52
C004210,0.52
C006028,0.52
C003773,0.52
C000053,0.52
C006754,0.52
C005452,0.52
C005803,0.52
C008253,0.52
C005895,0.52
C008354,0.52
C000490,0.52
C001942,0.52
C007215,0.52
C003119,0.52
C000549,0.52
C004257,0.52
C003098,0.52
C002988,0.52
C004698,0.52
C002605,0.52
C005526,0.52
C005781,0.52
C001795,0.52
C003751,0.52
C004298,0.52
C004516,0.52
C004741,0.52
C004977,0.52
C000657,0.52
C006484,0.52
C002199,0.52
C000089,0.52
C001459,0.52
C004020,0.52
C006452,0.52
C004736,0.52
C003468,0.52
C006471,0.52
C006844,0.52
C005576,0.52
C009179,0.52
C000040,0.52
C009648,0.52
C006894,0.52
C005970,0.52
C006981,0.52
C007515,0.52
C003438,0.52
C001119,0.52
C006585,0.52
C005919,0.52
C007400,0.52
C008479,0.52
C002706,0.52
C001032,0.52
C006569,0.52
C000756,0.52
C001809,0.52
C005857,0.52
C002453,0.52
C009919,0.52
C002899,0.52
C009746,0.52
C009796,0.52
C006886,0.52
C003739,0.52
C003922,0.52
C008540,0.52
C003838,0.52
C007846,0.52
C003277,0.52
C005943,0.52
C004588,0.52
C009416,0.52
C001183,0.52
C008459,0.52
C001036,0.52
C003494,0.52
C009589,0.52
C004678,0.52
C008325,0.52
C003957,0.52
C002163,0.52
C001801,0.52
C008589,0.52
C005282,0.52
C008851,0.52
C006296,0.52
C008566,0.52
C000329,0.52
C000768,0.52
C003055,0.52
C002746,0.52
C001404,0.52
C005896,0.52
C000710,0.52
C001241,0.52
C009636,0.52
C002809,0.52
C001540,0.52
C004347,0.52
C006088,0.52
C001229,0.52
C003224,0.52
C004545,0.52
C007371,0.52
C002074,0.52
C009079,0.52
C006135,0.52
C004806,0.52
C003800,0.52
C008402,0.52
C001052,0.52
C003568,0.52
C008706,0.52
C004230,0.52
C006709,0.52
C009430,0.52
C001414,0.52
C009261,0.52
C003964,0.52
C003669,0.52
C005085,0.52
C007551,0.52
C005289,0.52
C009379,0.52
C008859,0.52
C000258,0.52
C007428,0.52
C009063,0.52
C003265,0.52
C001378,0.52
C008018,0.52
C001741,0.52
C006843,0.52
C000788,0.52
C000573,0.52
C006811,0.52
C004242,0.52
C002584,0.52
C005426,0.52
C009756,0.52
C007174,0.52
C007206,0.52
C003174,0.52
C009258,0.52
C007890,0.52
C003173,0.52
C001316,0.52
C002859,0.52
C005333,0.52
C001670,0.52
C009503,0.52
C006833,0.52
C006080,0.52
C000110,0.52
C004407,0.51
C005008,0.51
C004291,0.51
C002086,0.51
C004950,0.51
C004363,0.51
C006802,0.51
C001575,0.51
C005824,0.51
C006011,0.51
C007131,0.51
C005475,0.51
C000992,0.51
C001695,0.51
C007084,0.51
C005954,0.51
C006654,0.51
C002246,0.51
C008158,0.51
C004584,0.51
C007157,0.51
C006363,0.51
C000003,0.51
C009212,0.51
C007832,0.51
C004167,0.51
C009688,0.51
C005600,0.51
C006954,0.51
C007607,0.51
C005477,0.51
C008089,0.51
C004740,0.51
C006806,0.51
C003767,0.51
C005548,0.51
C006224,0.51
C008460,0.51
C004000,0.51
C001677,0.51
C009275,0.51
C005851,0.51
C003099,0.51
C005974,0.51
C006961,0.51
C009546,0.51
C009921,0.51
C008812,0.51
C002720,0.51
C009986,0.51
C009381,0.51
C004722,0.51
C009346,0.51
C002474,0.51
C004382,0.51
C008650,0.51
C001787,0.51
C004745,0.51
C008269,0.51
C007595,0.51
C004483,0.51
C009929,0.51
C009610,0.51
C007280,0.51
C006018,0.51
C006978,0.51
C009664,0.51
C003460,0.51
C004393,0.51
C005081,0.51
C002196,0.51
C004307,0.51
C004680,0.51
C008778,0.51
C005643,0.51
C007991,0.51
C009419,0.51
C002432,0.51
C006334,0.51
C006900,0.51
C007178,0.51
C002875,0.51
C004374,0.51
C008732,0.51
C004163,0.51
C001161,0.51
C004657,0.51
C007645,0.51
C003573,0.51
C002155,0.51
C004155,0.51
C002537,0.51
C002983,0.51
C008042,0.51
C005934,0.51
C003227,0.51
C000082,0.51
C008926,0.51
C005495,0.51
C000734,0.51
C009555,0.51
C003552,0.51
C005451,0.51
C000148,0.51
C000066,0.51
C008219,0.51
C009799,0.51
C007118,0.51
C001631,0.51
C008007,0.51
C007553,0.51
C000434,0.51
C007475,0.51
C008995,0.51
C004788,0.51
C008424,0.51
C002984,0.51
C006069,0.51
C000290,0.51
C001318,0.51
C009054,0.51
C003156,0.51
C007556,0.51
C008715,0.51
C001424,0.51
C007773,0.51
C003737,0.51
C001305,0.51
C001572,0.51
C006728,0.51
C003991,0.51
C003606,0.51
C003218,0.51
C008748,0.51
C008478,0.51
C005674,0.51
C004743,0.51
C002205,0.51
C005903,0.51
C003523,0.51
C002523,0.51
C002075,0.51
C001350,0.51
C003089,0.51
C005963,0.51
C006255,0.51
C003096,0.51
C005575,0.51
C002057,0.51
C004308,0.51
C005522,0.51
C006683,0.51
C008144,0.51
C006639,0.51
C003260,0.51
C005420,0.51
C009170,0.51
C007638,0.51
C000136,0.51
C003909,0.51
C005826,0.51
C006212,0.51
C001717,0.51
C006684,0.51
C007663,0.51
C001967,0.51
C003846,0.51
C002405,0.51
C002330,0.51
C003585,0.51
C007019,0.51
C009251,0.51
C001432,0.51
C006421,0.51
C004568,0.51
C009657,0.51
C009152,0.51
C004024,0.51
C008745,0.51
C008920,0.51
C005395,0.51
C007409,0.51
C006671,0.51
C000690,0.51
C007696,0.51
C005376,0.51
C002254,0.51
C001823,0.51
C000916,0.51
C002688,0.51
C005787,0.51
C003448,0.51
C003309,0.51
C000010,0.51
C007321,0.51
C007972,0.51
C006930,0.51
C002896,0.51
C003056,0.51
C009238,0.51
C003598,0.51
C002455,0.51
C000259,0.51
C004623,0.51
C009527,0.51
C007381,0.51
C007304,0.51
C004183,0.51
C004502,0.51
C001781,0.51
C001455,0.51
C008432,0.51
C005531,0.51
C000188,0.51
C008569,0.51
C009221,0.51
C002738,0.51
C008538,0.51
C002153,0.51
C005740,0.51
C000255,0.51
C006179,0.51
C005663,0.51
C003063,0.51
C007276,0.51
C003794,0.51
C008422,0.51
C006807,0.51
C003157,0.51
C007885,0.51
C009860,0.51
C005873,0.51
C002454,0.51
C008620,0.51
C004973,0.51
C006017,0.51
C005212,0.51
C000297,0.51
C000647,0.51
C004439,0.51
C002190,0.51
C002615,0.51
C008471,0.51
C005557,0.51
C008773,0.51
C009001,0.51
C007398,0.51
C003759,0.51
C005952,0.51
C003154,0.51
C002821,0.51
C000985,0.51
C009856,0.51
C005709,0.51
C003936,0.51
C002328,0.51
C000913,0.51
C008843,0.51
C005467,0.51
C004487,0.51
C003129,0.51
C002401,0.51
C006039,0.51
C007396,0.51
C001764,0.51
C004177,0.51
C003293,0.51
C001363,0.51
C009287,0.51
C008873,0.51
C006692,0.51
C002341,0.51
C001721,0.51
C006175,0.51
C009873,0.51
C009668,0.51
C009084,0.51
C005269,0.51
C005300,0.51
C006774,0.51
C008654,0.51
C007785,0.51
C004912,0.51
C004526,0.51
C009615,0.51
C002409,0.51
C008883,0.51
C001429,0.51
C005044,0.51
C002191,0.51
C004996,0.51
C002844,0.51
C003240,0.51
C006012,0.51
C002355,0.51
C000980,0.51
C004903,0.51
C002183,0.51
C002952,0.51
C009886,0.51
C007576,0.51
C005304,0.51
C004326,0.51
C007115,0.51
C007546,0.51
C004264,0.51
C002760,0.51
C004813,0.51
C000523,0.51
C002637,0.51
C009448,0.51
C003524,0.51
C000957,0.51
C001748,0.51
C006762,0.51
C008639,0.51
C002619,0.51
C006301,0.51
C007664,0.51
C003287,0.51
C003400,0.51
C009624,0.51
C001638,0.51
C009540,0.51
C007417,0.51
C007449,0.51
C001790,0.51
C009300,0.51
C005409,0.51
C005472,0.51
C004078,0.51
C000711,0.51
C005511,0.51
C006845,0.51
C004547,0.51
C006949,0.51
C006479,0.51
C008875,0.51
C001423,0.51
C000360,0.51
C000277,0.51
C007338,0.51
C001265,0.51
C008339,0.51
C005020,0.51
C001392,0.51
C008713,0.51
C001174,0.51
C008903,0.51
C002419,0.51
C004321,0.51
C004724,0.51
C006909,0.51
C004247,0.51
C003471,0.51
C002354,0.51
C005489,0.51
C000083,0.51
C005494,0.51
C003408,0.51
C003823,0.51
C006168,0.51
C003263,0.51
C003005,0.51
C006580,0.51
C009896,0.51
C002475,0.51
C000052,0.51
C000562,0.51
C004416,0.51
C009007,0.51
C007351,0.51
C005593,0.51
C002991,0.51
C002162,0.51
C002601,0.51
C004125,0.51
C008498,0.51
C000685,0.51
C009295,0.51
C007427,0.51
C009625,0.51
C002005,0.51
C001366,0.51
C001436,0.51
C004134,0.51
C005687,0.51
C004184,0.51
C009768,0.51
C006836,0.51
C003572,0.51
C004609,0.51
C005793,0.51
C003883,0.51
C004142,0.51
C005206,0.51
C002280,0.51
C008104,0.51
C009259,0.51
C009265,0.51
C000661,0.51
C002029,0.51
C000135,0.51
C005923,0.51
C002529,0.51
C008119,0.51
C000938,0.51
C008332,0.51
C001370,0.51
C000222,0.51
C007261,0.51
C001854,0.51
C000149,0.51
C008531,0.51
C008276,0.51
C001197,0.51
C005720,0.51
C007564,0.51
C005960,0.51
C007345,0.51
C000217,0.51
C006228,0.51
C007249,0.51
C007246,0.51
C004887,0.51
C000077,0.51
C000877,0.51
C008103,0.51
C001231,0.51
C006537,0.51
C003161,0.51
C007386,0.51
C004280,0.51
C008234,0.51
C003304,0.51
C009303,0.51
C008171,0.51
C009016,0.51
C001347,0.51
C005210,0.51
C001667,0.51
C000173,0.51
C006546,0.51
C004650,0.51
C009188,0.51
C007429,0.51
C004906,0.51
C000211,0.51
C009280,0.51
C002286,0.51
C003612,0.51
C000608,0.51
C006068,0.51
C000475,0.51
C008512,0.51
C004383,0.51
C003849,0.51
C001096,0.51
C009867,0.51
C004848,0.51
C009067,0.51
C008211,0.51
C005038,0.51
C006912,0.51
C008128,0.51
C008817,0.51
C000216,0.51
C004598,0.51
C009048,0.51
C007729,0.51
C003301,0.51
C003608,0.51
C007575,0.51
C004096,0.51
C002115,0.51
C001831,0.51
C001627,0.51
C003027,0.51
C001920,0.51
C003835,0.51
C002708,0.51
C006504,0.51
C008805,0.51
C002725,0.51
C006552,0.51
C001780,0.51
C003264,0.51
C008485,0.51
C005199,0.51
C000852,0.51
C008735,0.51
C004403,0.51
C002736,0.51
C003423,0.51
C006996,0.51
C006946,0.51
C005320,0.51
C002020,0.51
C000617,0.51
C002879,0.51
C008535,0.51
C005348,0.51
C007521,0.51
C002591,0.51
C003376,0.51
C005139,0.51
C000837,0.51
C001521,0.51
C002717,0.51
C004451,0.51
C007656,0.51
C005894,0.51
C009729,0.51
C009629,0.51
C004518,0.51
C003963,0.51
C009721,0.51
C003981,0.51
C005307,0.51
C009211,0.51
C007392,0.51
C001658,0.51
C005854,0.51
C001799,0.51
C000080,0.51
C007987,0.51
C001905,0.51
C000781,0.51
C000952,0.51
C001776,0.51
C002476,0.51
C002301,0.51
C000124,0.51
C000450,0.51
C009696,0.51
C004591,0.51
C007302,0.51
C002182,0.51
C006651,0.51
C002930,0.51
C008058,0.51
C000359,0.51
C003243,0.51
C002461,0.51
C003165,0.51
C004018,0.51
C002998,0.51
C007841,0.51
C008874,0.51
C003821,0.51
C003133,0.51
C003422,0.51
C001009,0.51
C003397,0.51
C008403,0.51
C004346,0.51
C000344,0.51
C001247,0.51
C008022,0.51
C006887,0.51
C001189,0.51
C008398,0.51
C005401,0.51
C000997,0.51
C003904,0.51
C002985,0.51
C004267,0.51
C000292,0.51
C005065,0.51
C007322,0.51
C000232,0.51
C001046,0.51
C006815,0.51
C003472,0.51
C000182,0.51
C008852,0.51
C003647,0.51
C002673,0.51
C001413,0.51
C000758,0.51
C007104,0.51
C005407,0.51
C003249,0.51
C004443,0.51
C005686,0.51
C000296,0.51
C002522,0.51
C007614,0.51
C002400,0.51
C006170,0.51
C007172,0.51
C006718,0.51
C006848,0.51
C007388,0.51
C008798,0.51
C007842,0.51
C006100,0.51
C002610,0.51
C004310,0.51
C005779,0.51
C003024,0.51
C001995,0.51
C003905,0.51
C007718,0.51
C003601,0.51
C003180,0.51
C004282,0.51
C008004,0.51
C005417,0.51
C007941,0.51
C006451,0.51
C000192,0.51
C005118,0.51
C007097,0.51
C002674,0.51
C009869,0.51
C002903,0.51
C009340,0.51
C007889,0.51
C002234,0.51
C001162,0.51
C000158,0.51
C006333,0.51
C008916,0.51
C006665,0.51
C001101,0.51
C007692,0.51
C007943,0.51
C005938,0.51
C002213,0.51
C001561,0.51
C002904,0.51
C006021,0.51
C001115,0.51
C007058,0.51
C007291,0.51
C005573,0.51
C006289,0.51
C006681,0.51
C003613,0.51
C008655,0.51
C006498,0.51
C008449,0.51
C001348,0.51
C002482,0.51
C009323,0.51
C000392,0.51
C002632,0.51
C006673,0.51
C004895,0.51
C001660,0.51
C002093,0.51
C002678,0.51
C008231,0.51
C008008,0.51
C006013,0.51
C000427,0.51
C003347,0.51
C005332,0.51
C000029,0.51
C009536,0.51
C006038,0.51
C003847,0.51
C001122,0.51
C008929,0.51
C007847,0.51
C009201,0.51
C008738,0.51
C004239,0.51
C008560,0.51
C008955,0.51
C000765,0.51
C000956,0.51
C008921,0.51
C001556,0.51
C007340,0.51
C009742,0.51
C004491,0.51
C005682,0.51
C001883,0.51
C002456,0.51
C000752,0.51
C008223,0.51
C005404,0.51
C001225,0.51
C004098,0.51
C009475,0.51
C003545,0.51
C001361,0.51
C003444,0.51
C000095,0.51
C003691,0.51
C005138,0.51
C004115,0.51
C004923,0.51
C008289,0.51
C008731,0.51
C003480,0.51
C005718,0.51
C006872,0.51
C007211,0.51
C004560,0.51
C002684,0.51
C001281,0.51
C001302,0.51
C002919,0.51
C004853,0.51
C006276,0.51
C009608,0.51
C004392,0.51
C000037,0.51
C001333,0.51
C000105,0.51
C001360,0.51
C009276,0.51
C003630,0.51
C000423,0.51
C007747,0.51
C009930,0.51
C008603,0.51
C009533,0.51
C008909,0.51
C000682,0.51
C007452,0.51
C008227,0.51
C001770,0.51
C000226,0.51
C006246,0.51
C002004,0.51
C005074,0.51
C004206,0.51
C006468,0.51
C003764,0.51
C002212,0.51
C000170,0.51
C008521,0.51
C007290,0.51
C006105,0.51
C009585,0.51
C000575,0.51
C000827,0.51
C002362,0.51
C005116,0.51
C006577,0.51
C003550,0.51
C007907,0.51
C000405,0.51
C008041,0.51
C005840,0.51
C004709,0.51
C001292,0.51
C009174,0.51
C008894,0.51
C001230,0.51
C006875,0.51
C006218,0.51
C001389,0.51
C003855,0.51
C008178,0.51
C006566,0.51
C005046,0.51
C008922,0.51
C003177,0.51
C003599,0.51
C005347,0.51
C007496,0.51
C009019,0.51
C008195,0.51
C004646,0.51
C009451,0.51
C001924,0.51
C008212,0.51
C006746,0.51
C008266,0.51
C007390,0.51
C009946,0.51
C007141,0.51
C001164,0.51
C005596,0.51
C001731,0.51
C005645,0.51
C009366,0.51
C002971,0.51
C001437,0.51
C003869,0.51
C007122,0.5
C002957,0.5
C007540,0.5
C007065,0.5
C006054,0.5
C000668,0.5
C007230,0.5
C003389,0.5
C000239,0.5
C006934,0.5
C003672,0.5
C002154,0.5
C002090,0.5
C003483,0.5
C009013,0.5
C009255,0.5
C008228,0.5
C000431,0.5
C005563,0.5
C004953,0.5
C001367,0.5
C004385,0.5
C008573,0.5
C001684,0.5
C002978,0.5
C001276,0.5
C002729,0.5
C005626,0.5
C006052,0.5
C006245,0.5
C009902,0.5
C009431,0.5
C007586,0.5
C009738,0.5
C007843,0.5
C007812,0.5
C009106,0.5
C007442,0.5
C000973,0.5
C002235,0.5
C008622,0.5
C002924,0.5
C000951,0.5
C004849,0.5
C001486,0.5
C003447,0.5
C009819,0.5
C009590,0.5
C006784,0.5
C001984,0.5
C003642,0.5
C007432,0.5
C002251,0.5
C007625,0.5
C008927,0.5
C000548,0.5
C001024,0.5
C009912,0.5
C007311,0.5
C000458,0.5
C004677,0.5
C000666,0.5
C009273,0.5
C008434,0.5
C006388,0.5
C008737,0.5
C006755,0.5
C006009,0.5
C009078,0.5
C008433,0.5
C009642,0.5
C008132,0.5
C000995,0.5
C003202,0.5
C002756,0.5
C002067,0.5
C001419,0.5
C007047,0.5
C006880,0.5
C005519,0.5
C001773,0.5
C009496,0.5
C006298,0.5
C009187,0.5
C007471,0.5
C004802,0.5
C008185,0.5
C006753,0.5
C002087,0.5
C006682,0.5
C006176,0.5
C000529,0.5
C007831,0.5
C003105,0.5
C005181,0.5
C004400,0.5
C004918,0.5
C008334,0.5
C001975,0.5
C005379,0.5
C005288,0.5
C006543,0.5
C007404,0.5
C009485,0.5
C004070,0.5
C000313,0.5
C008408,0.5
C005615,0.5
C008076,0.5
C002761,0.5
C002026,0.5
C001829,0.5
C008780,0.5
C009003,0.5
C004197,0.5
C000428,0.5
C007787,0.5
C005461,0.5
C008246,0.5
C001003,0.5
C004840,0.5
C007353,0.5
C006779,0.5
C008154,0.5
C004908,0.5
C002372,0.5
C000725,0.5
C004557,0.5
C001507,0.5
C001025,0.5
C000941,0.5
C004048,0.5
C008776,0.5
C001047,0.5
C006045,0.5
C009613,0.5
C003146,0.5
C007799,0.5
C003554,0.5
C001271,0.5
C002277,0.5
C001105,0.5
C000109,0.5
C009047,0.5
C005619,0.5
C005646,0.5
C003072,0.5
C002776,0.5
C000565,0.5
C007940,0.5
C007648,0.5
C005443,0.5
C005841,0.5
C002519,0.5
C005917,0.5
C001656,0.5
C001750,0.5
C003723,0.5
C007182,0.5
C006573,0.5
C008815,0.5
C003490,0.5
C000508,0.5
C006075,0.5
C002332,0.5
C003386,0.5
C000198,0.5
C008769,0.5
C000606,0.5
C001958,0.5
C001080,0.5
C009477,0.5
C007253,0.5
C009239,0.5
C001956,0.5
C004608,0.5
C009638,0.5
C002136,0.5
C002325,0.5
C009941,0.5
C009031,0.5
C005909,0.5
C000712,0.5
C006788,0.5
C006392,0.5
C006821,0.5
C008019,0.5
C000813,0.5
C002236,0.5
C002907,0.5
C002198,0.5
C002598,0.5
C004639,0.5
C007136,0.5
C004961,0.5
C007908,0.5
C007701,0.5
C004203,0.5
C005329,0.5
C007779,0.5
C009837,0.5
C007359,0.5
C005768,0.5
C005188,0.5
C004830,0.5
C007626,0.5
C002414,0.5
C007571,0.5
C004501,0.5
C002928,0.5
C009600,0.5
C003437,0.5
C008002,0.5
C009708,0.5
C000057,0.5
C006379,0.5
C004204,0.5
C006049,0.5
C001132,0.5
C003050,0.5
C005713,0.5
C002568,0.5
C000184,0.5
C005747,0.5
C003818,0.5
C009034,0.5
C002683,0.5
C002886,0.5
C000070,0.5
C008396,0.5
C002068,0.5
C007279,0.5
C003713,0.5
C007669,0.5
C004852,0.5
C001155,0.5
C008854,0.5
C005120,0.5
C007562,0.5
C002634,0.5
C006885,0.5
C001628,0.5
C009322,0.5
C006112,0.5
C007346,0.5
C004411,0.5
C004839,0.5
C001938,0.5
C003442,0.5
C003631,0.5
C009823,0.5
C003864,0.5
C008581,0.5
C000769,0.5
C001217,0.5
C006545,0.5
C001202,0.5
C008105,0.5
C008719,0.5
C007933,0.5
C004033,0.5
C004011,0.5
C000449,0.5
C006571,0.5
C000918,0.5
C000397,0.5
C003042,0.5
C006787,0.5
C001178,0.5
C003515,0.5
C008546,0.5
C002831,0.5
C005173,0.5
C002570,0.5
C000180,0.5
C005953,0.5
C001715,0.5
C005913,0.5
C005512,0.5
C002994,0.5
C005518,0.5
C006842,0.5
C001319,0.5
C003047,0.5
C000197,0.5
C000867,0.5
C008388,0.5
C009876,0.5
C003310,0.5
C006929,0.5
C009058,0.5
C000288,0.5
C000521,0.5
C009383,0.5
C006248,0.5
C002027,0.5
C007060,0.5
C006581,0.5
C001289,0.5
C004772,0.5
C006235,0.5
C001112,0.5
C000088,0.5
C008375,0.5
C007145,0.5
C009325,0.5
C004233,0.5
C006400,0.5
C009622,0.5
C001803,0.5
C003028,0.5
C009968,0.5
C000586,0.5
C006664,0.5
C001168,0.5
C008618,0.5
C001640,0.5
C004628,0.5
C004812,0.5
C000636,0.5
C000577,0.5
C008933,0.5
C009470,0.5
C001902,0.5
C005258,0.5
C002069,0.5
C006127,0.5
C007596,0.5
C001589,0.5
C009715,0.5
C003965,0.5
C007797,0.5
C000728,0.5
C002590,0.5
C006472,0.5
C007476,0.5
C005897,0.5
C003946,0.5
C001564,0.5
C001078,0.5
C007748,0.5
C003557,0.5
C006924,0.5
C003289,0.5
C001356,0.5
C005756,0.5
C008549,0.5
C002877,0.5
C003302,0.5
C001903,0.5
C003419,0.5
C002186,0.5
C005544,0.5
C001371,0.5
C004549,0.5
C009246,0.5
C000378,0.5
C004858,0.5
C000014,0.5
C008111,0.5
C004445,0.5
C004884,0.5
C007600,0.5
C003375,0.5
C004248,0.5
C004847,0.5
C003680,0.5
C006326,0.5
C001037,0.5
C009137,0.5
C004945,0.5
C003137,0.5
C008610,0.5
C007082,0.5
C002381,0.5
C002604,0.5
C000461,0.5
C007158,0.5
C006481,0.5
C008901,0.5
C006510,0.5
C001596,0.5
C002816,0.5
C003816,0.5
C003911,0.5
C008510,0.5
C000336,0.5
C003496,0.5
C001675,0.5
C002740,0.5
C004810,0.5
C008802,0.5
C008891,0.5
C002076,0.5
C008230,0.5
C005345,0.5
C006118,0.5
C002081,0.5
C003983,0.5
C006467,0.5
C004967,0.5
C001914,0.5
C009630,0.5
C009096,0.5
C009021,0.5
C000008,0.5
C003033,0.5
C001593,0.5
